[
  {
    "index_id": 1,
    "index_back_name": "overall-picture",
    "index_display_name": "Общий вид",
    "category_id": 1,
    "category_display_name": "Accessories",
    "category_back_name": "accessory",
    "icon_url": "https://drwrnzzt9lr9u.cloudfront.net/icons/accessory_overall-picture_icon.png",
    "photo_example_url": "https://drwrnzzt9lr9u.cloudfront.net/overall+picture+(accessory).jpg",
    "required": "TRUE",
    "important": "TRUE"
  },
  {
    "index_id": 30,
    "index_back_name": "washing-label-front",
    "index_display_name": "Этикетка для стирки (лицевая сторона)",
    "category_id": 1,
    "category_display_name": "Accessories",
    "category_back_name": "accessory",
    "icon_url": "https://drwrnzzt9lr9u.cloudfront.net/icons/accessory_washing-label-front_icon.png",
    "photo_example_url": "https://drwrnzzt9lr9u.cloudfront.net/washing+label+front.jpg",
    "required": "TRUE",
    "important": "TRUE"
  },
  {
    "index_id": 39,
    "index_back_name": "brand-logo",
    "index_display_name": "Логотип бренда",
    "category_id": 1,
    "category_display_name": "Accessories",
    "category_back_name": "accessory",
    "icon_url": "https://drwrnzzt9lr9u.cloudfront.net/icons/accessory_brand-logo_icon.png",
    "photo_example_url": "https://drwrnzzt9lr9u.cloudfront.net/brand+logo+accessory.jpg",
    "required": "TRUE",
    "important": "TRUE"
  },
  {
    "index_id": 11,
    "index_back_name": "washing-label-back",
    "index_display_name": "Этикетка для стирки (обратная сторона)",
    "category_id": 1,
    "category_display_name": "Accessories",
    "category_back_name": "accessory",
    "icon_url": "https://drwrnzzt9lr9u.cloudfront.net/icons/accessory_washing-label-back_icon.png",
    "photo_example_url": "https://drwrnzzt9lr9u.cloudfront.net/washing label back.jpg",
    "required": "FALSE",
    "important": "TRUE"
  },
  {
    "index_id": 5,
    "index_back_name": "serial-number",
    "index_display_name": "Серийный номер",
    "category_id": 1,
    "category_display_name": "Accessories",
    "category_back_name": "accessory",
    "icon_url": "https://drwrnzzt9lr9u.cloudfront.net/icons/accessory_serial-number_icon.png",
    "photo_example_url": "https://drwrnzzt9lr9u.cloudfront.net/serial+number.jpg",
    "required": "FALSE",
    "important": "TRUE"
  },
  {
    "index_id": 103,
    "index_back_name": "gasket",
    "index_display_name": "Прокладка",
    "category_id": 1,
    "category_display_name": "Accessories",
    "category_back_name": "accessory",
    "icon_url": "https://drwrnzzt9lr9u.cloudfront.net/icons/accessory_gasket_icon.png",
    "photo_example_url": "https://drwrnzzt9lr9u.cloudfront.net/gasket.jpg",
    "required": "FALSE",
    "important": "FALSE"
  },
  {
    "index_id": 43,
    "index_back_name": "buckle",
    "index_display_name": "Пряжка",
    "category_id": 1,
    "category_display_name": "Accessories",
    "category_back_name": "accessory",
    "icon_url": "https://drwrnzzt9lr9u.cloudfront.net/icons/accessory_buckle_icon.png",
    "photo_example_url": "https://drwrnzzt9lr9u.cloudfront.net/buckle.jpg",
    "required": "FALSE",
    "important": "FALSE"
  },
  {
    "index_id": 45,
    "index_back_name": "hardware-engravings",
    "index_display_name": "Гравировка на фурнитуре",
    "category_id": 1,
    "category_display_name": "Accessories",
    "category_back_name": "accessory",
    "icon_url": "https://drwrnzzt9lr9u.cloudfront.net/icons/accessory_hardware-engravings_icon.png",
    "photo_example_url": "https://drwrnzzt9lr9u.cloudfront.net/hardware+engravings.jpg",
    "required": "FALSE",
    "important": "FALSE"
  },
  {
    "index_id": 7,
    "index_back_name": "1st-optional-photo",
    "index_display_name": "Первая дополнительная фотография",
    "category_id": 1,
    "category_display_name": "Accessories",
    "category_back_name": "accessory",
    "icon_url": "https://drwrnzzt9lr9u.cloudfront.net/icons/accessory_1st-optional-photo_icon.png",
    "photo_example_url": "",
    "required": "FALSE",
    "important": "FALSE"
  },
  {
    "index_id": 1,
    "index_back_name": "overall-picture",
    "index_display_name": "Общий вид",
    "category_id": 2,
    "category_display_name": "Bags",
    "category_back_name": "bag",
    "icon_url": "https://drwrnzzt9lr9u.cloudfront.net/icons/bag_overall-picture_icon.png",
    "photo_example_url": "https://drwrnzzt9lr9u.cloudfront.net/300-3001.jpg",
    "required": "TRUE",
    "important": "TRUE"
  },
  {
    "index_id": 45,
    "index_back_name": "hardware-engravings",
    "index_display_name": "Гравировка на фурнитуре",
    "category_id": 2,
    "category_display_name": "Bags",
    "category_back_name": "bag",
    "icon_url": "https://drwrnzzt9lr9u.cloudfront.net/icons/bag_hardware-engravings_icon.png",
    "photo_example_url": "https://drwrnzzt9lr9u.cloudfront.net/300-3009.jpg",
    "required": "TRUE",
    "important": "TRUE"
  },
  {
    "index_id": 42,
    "index_back_name": "inside-label",
    "index_display_name": "Внутренняя этикетка",
    "category_id": 2,
    "category_display_name": "Bags",
    "category_back_name": "bag",
    "icon_url": "https://drwrnzzt9lr9u.cloudfront.net/icons/bag_inside-label_icon.png",
    "photo_example_url": "https://lg-photos-storage.s3.eu-west-2.amazonaws.com/16840664-3FF9-48BF-82FA-C287CCAAE544_4_5005_c.jpeg",
    "required": "TRUE",
    "important": "TRUE"
  },
  {
    "index_id": 39,
    "index_back_name": "brand-logo",
    "index_display_name": "Логотип бренда",
    "category_id": 2,
    "category_display_name": "Bags",
    "category_back_name": "bag",
    "icon_url": "https://drwrnzzt9lr9u.cloudfront.net/icons/bag_brand-logo_icon.png",
    "photo_example_url": "https://drwrnzzt9lr9u.cloudfront.net/300-3002.jpg",
    "required": "TRUE",
    "important": "TRUE"
  },
  {
    "index_id": 13,
    "index_back_name": "made-in-label",
    "index_display_name": "Этикетка \"Сделано в...",
    "category_id": 2,
    "category_display_name": "Bags",
    "category_back_name": "bag",
    "icon_url": "https://drwrnzzt9lr9u.cloudfront.net/icons/bag_made-in-label_icon.png",
    "photo_example_url": "https://drwrnzzt9lr9u.cloudfront.net/300-3005.jpg",
    "required": "FALSE",
    "important": "TRUE"
  },
  {
    "index_id": 5,
    "index_back_name": "serial-number",
    "index_display_name": "Серийный номер",
    "category_id": 2,
    "category_display_name": "Bags",
    "category_back_name": "bag",
    "icon_url": "https://drwrnzzt9lr9u.cloudfront.net/icons/bag_serial-number_icon.png",
    "photo_example_url": "https://drwrnzzt9lr9u.cloudfront.net/300-3004.jpg",
    "required": "FALSE",
    "important": "TRUE"
  },
  {
    "index_id": 60,
    "index_back_name": "shoulder-strap-clasp",
    "index_display_name": "Застёжка плечевого ремня",
    "category_id": 2,
    "category_display_name": "Bags",
    "category_back_name": "bag",
    "icon_url": "https://drwrnzzt9lr9u.cloudfront.net/icons/bag_shoulder-strap-clasp_icon.png",
    "photo_example_url": "https://drwrnzzt9lr9u.cloudfront.net/Screenshot_20240226_203148_Gallery.jpg",
    "required": "FALSE",
    "important": "FALSE"
  },
  {
    "index_id": 16,
    "index_back_name": "qr-code-label",
    "index_display_name": "Этикетка с QR-кодом",
    "category_id": 2,
    "category_display_name": "Bags",
    "category_back_name": "bag",
    "icon_url": "https://drwrnzzt9lr9u.cloudfront.net/icons/bag_qr-code-label_icon.png",
    "photo_example_url": "https://drwrnzzt9lr9u.cloudfront.net/Screenshot_20240226_203442_Gallery.jpg",
    "required": "FALSE",
    "important": "FALSE"
  },
  {
    "index_id": 20,
    "index_back_name": "dust-bag",
    "index_display_name": "Пылезащитный мешок",
    "category_id": 2,
    "category_display_name": "Bags",
    "category_back_name": "bag",
    "icon_url": "https://drwrnzzt9lr9u.cloudfront.net/icons/bag_dust-bag_icon.png",
    "photo_example_url": "https://drwrnzzt9lr9u.cloudfront.net/300-30012.jpg",
    "required": "FALSE",
    "important": "FALSE"
  },
  {
    "index_id": 59,
    "index_back_name": "logo-texture-macro-image",
    "index_display_name": "Текстура логотипа (макросъёмка)",
    "category_id": 2,
    "category_display_name": "Bags",
    "category_back_name": "bag",
    "icon_url": "https://drwrnzzt9lr9u.cloudfront.net/icons/bag_logo-texture-macro-image_icon.png",
    "photo_example_url": "https://drwrnzzt9lr9u.cloudfront.net/Logo+texture.jpg",
    "required": "FALSE",
    "important": "FALSE"
  },
  {
    "index_id": 40,
    "index_back_name": "button",
    "index_display_name": "Кнопка",
    "category_id": 2,
    "category_display_name": "Bags",
    "category_back_name": "bag",
    "icon_url": "https://drwrnzzt9lr9u.cloudfront.net/icons/bag_button_icon.png",
    "photo_example_url": "https://drwrnzzt9lr9u.cloudfront.net/300-30010.jpeg",
    "required": "FALSE",
    "important": "FALSE"
  },
  {
    "index_id": 58,
    "index_back_name": "zipper-head-front",
    "index_display_name": "Бегунок молнии (лицевая сторона)",
    "category_id": 2,
    "category_display_name": "Bags",
    "category_back_name": "bag",
    "icon_url": "https://drwrnzzt9lr9u.cloudfront.net/icons/bag_zipper-head-front_icon.png",
    "photo_example_url": "https://drwrnzzt9lr9u.cloudfront.net/300-3007.png",
    "required": "FALSE",
    "important": "FALSE"
  },
  {
    "index_id": 37,
    "index_back_name": "authenticity-card",
    "index_display_name": "Карта подлинности",
    "category_id": 2,
    "category_display_name": "Bags",
    "category_back_name": "bag",
    "icon_url": "https://drwrnzzt9lr9u.cloudfront.net/icons/bag_authenticity-card_icon.png",
    "photo_example_url": "https://drwrnzzt9lr9u.cloudfront.net/image_1.jpg",
    "required": "FALSE",
    "important": "FALSE"
  },
  {
    "index_id": 31,
    "index_back_name": "zipper-head-back",
    "index_display_name": "Бегунок молнии (обратная сторона)",
    "category_id": 2,
    "category_display_name": "Bags",
    "category_back_name": "bag",
    "icon_url": "https://drwrnzzt9lr9u.cloudfront.net/icons/bag_zipper-head-back_icon.png",
    "photo_example_url": "https://drwrnzzt9lr9u.cloudfront.net/300-3008.JPG",
    "required": "FALSE",
    "important": "FALSE"
  },
  {
    "index_id": 3,
    "index_back_name": "hologram-label",
    "index_display_name": "Голографическая этикетка",
    "category_id": 2,
    "category_display_name": "Bags",
    "category_back_name": "bag",
    "icon_url": "https://drwrnzzt9lr9u.cloudfront.net/icons/bag_hologram-label_icon.png",
    "photo_example_url": "https://drwrnzzt9lr9u.cloudfront.net/300-3006.jpeg",
    "required": "FALSE",
    "important": "FALSE"
  },
  {
    "index_id": 7,
    "index_back_name": "1st-optional-photo",
    "index_display_name": "Первая дополнительная фотография",
    "category_id": 2,
    "category_display_name": "Bags",
    "category_back_name": "bag",
    "icon_url": "https://drwrnzzt9lr9u.cloudfront.net/icons/bag_1st-optional-photo_icon.png",
    "photo_example_url": "",
    "required": "FALSE",
    "important": "FALSE"
  },
  {
    "index_id": 1,
    "index_back_name": "overall-picture",
    "index_display_name": "Общий вид",
    "category_id": 4,
    "category_display_name": "Clothing",
    "category_back_name": "clothing",
    "icon_url": "https://drwrnzzt9lr9u.cloudfront.net/icons/clothing_overall-picture_icon.png",
    "photo_example_url": "https://drwrnzzt9lr9u.cloudfront.net/interface_clothing-overall.png",
    "required": "TRUE",
    "important": "TRUE"
  },
  {
    "index_id": 11,
    "index_back_name": "washing-label-back",
    "index_display_name": "Этикетка для стирки (обратная сторона)",
    "category_id": 4,
    "category_display_name": "Clothing",
    "category_back_name": "clothing",
    "icon_url": "https://drwrnzzt9lr9u.cloudfront.net/icons/clothing_washing-label-back_icon.png",
    "photo_example_url": "https://drwrnzzt9lr9u.cloudfront.net/washing+label+back.jpg",
    "required": "TRUE",
    "important": "TRUE"
  },
  {
    "index_id": 30,
    "index_back_name": "washing-label-front",
    "index_display_name": "Этикетка для стирки (лицевая сторона)",
    "category_id": 4,
    "category_display_name": "Clothing",
    "category_back_name": "clothing",
    "icon_url": "https://drwrnzzt9lr9u.cloudfront.net/icons/clothing_washing-label-front_icon.png",
    "photo_example_url": "https://drwrnzzt9lr9u.cloudfront.net/washing+label+front.jpg",
    "required": "TRUE",
    "important": "TRUE"
  },
  {
    "index_id": 24,
    "index_back_name": "collar-label-front",
    "index_display_name": "Этикетка на воротнике (лицевая сторона)",
    "category_id": 4,
    "category_display_name": "Clothing",
    "category_back_name": "clothing",
    "icon_url": "https://drwrnzzt9lr9u.cloudfront.net/icons/clothing_collar-label-front_icon.png",
    "photo_example_url": "https://drwrnzzt9lr9u.cloudfront.net/collar+label+front.jpg",
    "required": "TRUE",
    "important": "TRUE"
  },
  {
    "index_id": 57,
    "index_back_name": "size-tag",
    "index_display_name": "Размерная бирка",
    "category_id": 4,
    "category_display_name": "Clothing",
    "category_back_name": "clothing",
    "icon_url": "https://drwrnzzt9lr9u.cloudfront.net/icons/clothing_size-tag_icon.png",
    "photo_example_url": "https://drwrnzzt9lr9u.cloudfront.net/interface_clothing-size-tag.png",
    "required": "TRUE",
    "important": "TRUE"
  },
  {
    "index_id": 64,
    "index_back_name": "washing-label-every-page",
    "index_display_name": "Этикетка для стирки (все страницы)",
    "category_id": 4,
    "category_display_name": "Clothing",
    "category_back_name": "clothing",
    "icon_url": "https://drwrnzzt9lr9u.cloudfront.net/icons/clothing_washing-label-every-page_icon.png",
    "photo_example_url": "https://drwrnzzt9lr9u.cloudfront.net/washing+label+every+page.jpg",
    "required": "FALSE",
    "important": "TRUE"
  },
  {
    "index_id": 50,
    "index_back_name": "paper-swing-tag",
    "index_display_name": "Бумажная бирка",
    "category_id": 4,
    "category_display_name": "Clothing",
    "category_back_name": "clothing",
    "icon_url": "https://drwrnzzt9lr9u.cloudfront.net/icons/clothing_paper-swing-tag_icon.png",
    "photo_example_url": "https://drwrnzzt9lr9u.cloudfront.net/paper+swing+tag.jpg",
    "required": "FALSE",
    "important": "TRUE"
  },
  {
    "index_id": 66,
    "index_back_name": "patch",
    "index_display_name": "Нашивка",
    "category_id": 4,
    "category_display_name": "Clothing",
    "category_back_name": "clothing",
    "icon_url": "https://drwrnzzt9lr9u.cloudfront.net/icons/clothing_patch_icon.png",
    "photo_example_url": "https://drwrnzzt9lr9u.cloudfront.net/patch.jpg",
    "required": "FALSE",
    "important": "FALSE"
  },
  {
    "index_id": 45,
    "index_back_name": "hardware-engravings",
    "index_display_name": "Гравировка на фурнитуре",
    "category_id": 4,
    "category_display_name": "Clothing",
    "category_back_name": "clothing",
    "icon_url": "https://drwrnzzt9lr9u.cloudfront.net/icons/clothing_hardware-engravings_icon.png",
    "photo_example_url": "https://drwrnzzt9lr9u.cloudfront.net/hardware+engravings.jpg",
    "required": "FALSE",
    "important": "FALSE"
  },
  {
    "index_id": 31,
    "index_back_name": "zipper-head-back",
    "index_display_name": "Бегунок молнии (обратная сторона)",
    "category_id": 4,
    "category_display_name": "Clothing",
    "category_back_name": "clothing",
    "icon_url": "https://drwrnzzt9lr9u.cloudfront.net/icons/clothing_zipper-head-back_icon.png",
    "photo_example_url": "https://drwrnzzt9lr9u.cloudfront.net/zipper+head+(back).jpg",
    "required": "FALSE",
    "important": "FALSE"
  },
  {
    "index_id": 65,
    "index_back_name": "collar-label-back",
    "index_display_name": "Этикетка на воротнике (обратная сторона)",
    "category_id": 4,
    "category_display_name": "Clothing",
    "category_back_name": "clothing",
    "icon_url": "https://drwrnzzt9lr9u.cloudfront.net/icons/clothing_collar-label-back_icon.png",
    "photo_example_url": "https://drwrnzzt9lr9u.cloudfront.net/collar+label+back.jpg",
    "required": "FALSE",
    "important": "FALSE"
  },
  {
    "index_id": 3,
    "index_back_name": "hologram-label",
    "index_display_name": "Голографическая этикетка",
    "category_id": 4,
    "category_display_name": "Clothing",
    "category_back_name": "clothing",
    "icon_url": "https://drwrnzzt9lr9u.cloudfront.net/icons/clothing_hologram-label_icon.png",
    "photo_example_url": "https://drwrnzzt9lr9u.cloudfront.net/hologram+label.jpg",
    "required": "FALSE",
    "important": "FALSE"
  },
  {
    "index_id": 16,
    "index_back_name": "qr-code-label",
    "index_display_name": "Этикетка с QR-кодом",
    "category_id": 4,
    "category_display_name": "Clothing",
    "category_back_name": "clothing",
    "icon_url": "https://drwrnzzt9lr9u.cloudfront.net/icons/clothing_qr-code-label_icon.png",
    "photo_example_url": "https://drwrnzzt9lr9u.cloudfront.net/QR+code+label.jpg",
    "required": "FALSE",
    "important": "FALSE"
  },
  {
    "index_id": 58,
    "index_back_name": "zipper-head-front",
    "index_display_name": "Бегунок молнии (лицевая сторона)",
    "category_id": 4,
    "category_display_name": "Clothing",
    "category_back_name": "clothing",
    "icon_url": "https://drwrnzzt9lr9u.cloudfront.net/icons/clothing_zipper-head-front_icon.png",
    "photo_example_url": "https://drwrnzzt9lr9u.cloudfront.net/zipper+head+(front).jpg",
    "required": "FALSE",
    "important": "FALSE"
  },
  {
    "index_id": 15,
    "index_back_name": "packaging",
    "index_display_name": "Упаковка",
    "category_id": 4,
    "category_display_name": "Clothing",
    "category_back_name": "clothing",
    "icon_url": "https://drwrnzzt9lr9u.cloudfront.net/icons/clothing_packaging_icon.png",
    "photo_example_url": "https://drwrnzzt9lr9u.cloudfront.net/interface_clothing-packaging.png",
    "required": "FALSE",
    "important": "FALSE"
  },
  {
    "index_id": 7,
    "index_back_name": "1st-optional-photo",
    "index_display_name": "Первая дополнительная фотография",
    "category_id": 4,
    "category_display_name": "Clothing",
    "category_back_name": "clothing",
    "icon_url": "https://drwrnzzt9lr9u.cloudfront.net/icons/clothing_1st-optional-photo_icon.png",
    "photo_example_url": "",
    "required": "FALSE",
    "important": "FALSE"
  },
  {
    "index_id": 1,
    "index_back_name": "overall-picture",
    "index_display_name": "Общий вид",
    "category_id": 5,
    "category_display_name": "Glasses",
    "category_back_name": "glasses",
    "icon_url": "https://drwrnzzt9lr9u.cloudfront.net/icons/glasses_overall-picture_icon.png",
    "photo_example_url": "https://drwrnzzt9lr9u.cloudfront.net/Screenshot_20240314_104719.jpg",
    "required": "TRUE",
    "important": "TRUE"
  },
  {
    "index_id": 5,
    "index_back_name": "serial-number",
    "index_display_name": "Серийный номер",
    "category_id": 5,
    "category_display_name": "Glasses",
    "category_back_name": "glasses",
    "icon_url": "https://drwrnzzt9lr9u.cloudfront.net/icons/glasses_serial-number_icon.png",
    "photo_example_url": "https://drwrnzzt9lr9u.cloudfront.net/serial+number.jpg",
    "required": "TRUE",
    "important": "TRUE"
  },
  {
    "index_id": 39,
    "index_back_name": "brand-logo",
    "index_display_name": "Логотип бренда",
    "category_id": 5,
    "category_display_name": "Glasses",
    "category_back_name": "glasses",
    "icon_url": "https://drwrnzzt9lr9u.cloudfront.net/icons/glasses_brand-logo_icon.png",
    "photo_example_url": "https://drwrnzzt9lr9u.cloudfront.net/brand+logo.jpg",
    "required": "TRUE",
    "important": "TRUE"
  },
  {
    "index_id": 81,
    "index_back_name": "case-open",
    "index_display_name": "Футляр (открытый)",
    "category_id": 5,
    "category_display_name": "Glasses",
    "category_back_name": "glasses",
    "icon_url": "https://drwrnzzt9lr9u.cloudfront.net/icons/glasses_case-open_icon.png",
    "photo_example_url": "https://drwrnzzt9lr9u.cloudfront.net/interface_glasses-case-open.png",
    "required": "FALSE",
    "important": "FALSE"
  },
  {
    "index_id": 76,
    "index_back_name": "lens-brand-logo",
    "index_display_name": "Логотип бренда на линзе",
    "category_id": 5,
    "category_display_name": "Glasses",
    "category_back_name": "glasses",
    "icon_url": "https://drwrnzzt9lr9u.cloudfront.net/icons/glasses_lens-brand-logo_icon.png",
    "photo_example_url": "https://drwrnzzt9lr9u.cloudfront.net/lens+brand+logo.jpg",
    "required": "FALSE",
    "important": "FALSE"
  },
  {
    "index_id": 74,
    "index_back_name": "arm-inside-code",
    "index_display_name": "Код на внутренней стороне дужки",
    "category_id": 5,
    "category_display_name": "Glasses",
    "category_back_name": "glasses",
    "icon_url": "https://drwrnzzt9lr9u.cloudfront.net/icons/glasses_arm-inside-code_icon.png",
    "photo_example_url": "https://drwrnzzt9lr9u.cloudfront.net/arm+inside+code.jpg",
    "required": "FALSE",
    "important": "FALSE"
  },
  {
    "index_id": 80,
    "index_back_name": "hinge-screw-front",
    "index_display_name": "Винт шарнира (лицевая сторона)",
    "category_id": 5,
    "category_display_name": "Glasses",
    "category_back_name": "glasses",
    "icon_url": "https://drwrnzzt9lr9u.cloudfront.net/icons/glasses_hinge-screw-front_icon.png",
    "photo_example_url": "https://drwrnzzt9lr9u.cloudfront.net/hinge+screw+front.jpg",
    "required": "FALSE",
    "important": "FALSE"
  },
  {
    "index_id": 79,
    "index_back_name": "hinge-screw-back",
    "index_display_name": "Винт шарнира (обратная сторона)",
    "category_id": 5,
    "category_display_name": "Glasses",
    "category_back_name": "glasses",
    "icon_url": "https://drwrnzzt9lr9u.cloudfront.net/icons/glasses_hinge-screw-back_icon.png",
    "photo_example_url": "https://drwrnzzt9lr9u.cloudfront.net/hinge+screw+back.jpg",
    "required": "FALSE",
    "important": "FALSE"
  },
  {
    "index_id": 75,
    "index_back_name": "arm-logo",
    "index_display_name": "Логотип на дужке",
    "category_id": 5,
    "category_display_name": "Glasses",
    "category_back_name": "glasses",
    "icon_url": "https://drwrnzzt9lr9u.cloudfront.net/icons/glasses_arm-logo_icon.png",
    "photo_example_url": "https://drwrnzzt9lr9u.cloudfront.net/arm+logo.jpg",
    "required": "FALSE",
    "important": "FALSE"
  },
  {
    "index_id": 77,
    "index_back_name": "nose-resting-screw",
    "index_display_name": "Винт носоупора",
    "category_id": 5,
    "category_display_name": "Glasses",
    "category_back_name": "glasses",
    "icon_url": "https://drwrnzzt9lr9u.cloudfront.net/icons/glasses_nose-resting-screw_icon.png",
    "photo_example_url": "https://drwrnzzt9lr9u.cloudfront.net/nose+resting+crew.jpg",
    "required": "FALSE",
    "important": "FALSE"
  },
  {
    "index_id": 15,
    "index_back_name": "packaging",
    "index_display_name": "Упаковка",
    "category_id": 5,
    "category_display_name": "Glasses",
    "category_back_name": "glasses",
    "icon_url": "https://drwrnzzt9lr9u.cloudfront.net/icons/glasses_packaging_icon.png",
    "photo_example_url": "https://drwrnzzt9lr9u.cloudfront.net/packaging.jpg",
    "required": "FALSE",
    "important": "FALSE"
  },
  {
    "index_id": 105,
    "index_back_name": "engravings",
    "index_display_name": "Гравировки",
    "category_id": 5,
    "category_display_name": "Glasses",
    "category_back_name": "glasses",
    "icon_url": "https://drwrnzzt9lr9u.cloudfront.net/icons/glasses_engravings_icon.png",
    "photo_example_url": "https://drwrnzzt9lr9u.cloudfront.net/engravings.jpg",
    "required": "FALSE",
    "important": "FALSE"
  },
  {
    "index_id": 7,
    "index_back_name": "1st-optional-photo",
    "index_display_name": "Дополнительная фотография",
    "category_id": 5,
    "category_display_name": "Glasses",
    "category_back_name": "glasses",
    "icon_url": "https://drwrnzzt9lr9u.cloudfront.net/icons/glasses_1st-optional-photo_icon.png",
    "photo_example_url": "https://drwrnzzt9lr9u.cloudfront.net/photo_examples/interface_pexels-mario-mota-14935012.jpg",
    "required": "FALSE",
    "important": "FALSE"
  },
  {
    "index_id": 1,
    "index_back_name": "overall-picture",
    "index_display_name": "Общий вид",
    "category_id": 6,
    "category_display_name": "Jewelry",
    "category_back_name": "jewelry",
    "icon_url": "https://drwrnzzt9lr9u.cloudfront.net/icons/jewelry_overall-picture_icon.png",
    "photo_example_url": "https://drwrnzzt9lr9u.cloudfront.net/photo_examples/interface_pexels-mario-mota-14935012.jpg",
    "required": "TRUE",
    "important": "TRUE"
  },
  {
    "index_id": 39,
    "index_back_name": "brand-logo",
    "index_display_name": "Логотип бренда",
    "category_id": 6,
    "category_display_name": "Jewelry",
    "category_back_name": "jewelry",
    "icon_url": "https://drwrnzzt9lr9u.cloudfront.net/icons/jewelry_brand-logo_icon.png",
    "photo_example_url": "https://drwrnzzt9lr9u.cloudfront.net/Screenshot_20240223_161730.jpg",
    "required": "TRUE",
    "important": "TRUE"
  },
  {
    "index_id": 106,
    "index_back_name": "engravings-close-up-macro-image",
    "index_display_name": "Гравировки крупным планом (макросъёмка)",
    "category_id": 6,
    "category_display_name": "Jewelry",
    "category_back_name": "jewelry",
    "icon_url": "https://drwrnzzt9lr9u.cloudfront.net/icons/jewelry_engravings-close-up-macro-image_icon.png",
    "photo_example_url": "http://drwrnzzt9lr9u.cloudfront.net/interface_63274faf-c760-4a9e-b8b1-3b4c35ebfd7b",
    "required": "TRUE",
    "important": "TRUE"
  },
  {
    "index_id": 55,
    "index_back_name": "indentification-plate",
    "index_display_name": "Идентификационная пластина",
    "category_id": 6,
    "category_display_name": "Jewelry",
    "category_back_name": "jewelry",
    "icon_url": "https://drwrnzzt9lr9u.cloudfront.net/icons/jewelry_indentification-plate_icon.png",
    "photo_example_url": "https://drwrnzzt9lr9u.cloudfront.net/Screenshot_20220903-231656.jpg",
    "required": "FALSE",
    "important": "FALSE"
  },
  {
    "index_id": 86,
    "index_back_name": "clasp-engravings",
    "index_display_name": "Гравировки на застёжке",
    "category_id": 6,
    "category_display_name": "Jewelry",
    "category_back_name": "jewelry",
    "icon_url": "https://drwrnzzt9lr9u.cloudfront.net/icons/jewelry_clasp-engravings_icon.png",
    "photo_example_url": "https://drwrnzzt9lr9u.cloudfront.net/Screenshot_20240222_172429_Gallery.jpg",
    "required": "FALSE",
    "important": "FALSE"
  },
  {
    "index_id": 37,
    "index_back_name": "authenticity-card",
    "index_display_name": "Карта подлинности",
    "category_id": 6,
    "category_display_name": "Jewelry",
    "category_back_name": "jewelry",
    "icon_url": "https://drwrnzzt9lr9u.cloudfront.net/icons/jewelry_authenticity-card_icon.png",
    "photo_example_url": "https://drwrnzzt9lr9u.cloudfront.net/file_1.png",
    "required": "FALSE",
    "important": "FALSE"
  },
  {
    "index_id": 73,
    "index_back_name": "metal-mark",
    "index_display_name": "Клеймо на металле",
    "category_id": 6,
    "category_display_name": "Jewelry",
    "category_back_name": "jewelry",
    "icon_url": "https://drwrnzzt9lr9u.cloudfront.net/icons/jewelry_precious-metal-mark.png",
    "photo_example_url": "https://drwrnzzt9lr9u.cloudfront.net/mmexport1701455936142.jpg",
    "required": "FALSE",
    "important": "FALSE"
  },
  {
    "index_id": 15,
    "index_back_name": "packaging",
    "index_display_name": "Упаковка",
    "category_id": 6,
    "category_display_name": "Jewelry",
    "category_back_name": "jewelry",
    "icon_url": "https://drwrnzzt9lr9u.cloudfront.net/icons/jewelry_packaging_icon.png",
    "photo_example_url": "http://d3lkt4pz7h1zmt.cloudfront.net/4531e38f-2c4b-499d-b830-76170f614789/product-photos/interface_LUXURY-jewellery-PACKAGING-1699913693765.JPG",
    "required": "FALSE",
    "important": "FALSE"
  },
  {
    "index_id": 83,
    "index_back_name": "welding",
    "index_display_name": "Сварной шов",
    "category_id": 6,
    "category_display_name": "Jewelry",
    "category_back_name": "jewelry",
    "icon_url": "https://drwrnzzt9lr9u.cloudfront.net/icons/jewelry_welding_icon.png",
    "photo_example_url": "https://drwrnzzt9lr9u.cloudfront.net/Screenshot_20240222_172957_Gallery.jpg",
    "required": "FALSE",
    "important": "FALSE"
  },
  {
    "index_id": 84,
    "index_back_name": "inlay",
    "index_display_name": "Инкрустация",
    "category_id": 6,
    "category_display_name": "Jewelry",
    "category_back_name": "jewelry",
    "icon_url": "https://drwrnzzt9lr9u.cloudfront.net/icons/jewelry_inlay_icon.png",
    "photo_example_url": "https://drwrnzzt9lr9u.cloudfront.net/mmexport1701455961222.jpg",
    "required": "FALSE",
    "important": "FALSE"
  },
  {
    "index_id": 82,
    "index_back_name": "inner-circle-engravings",
    "index_display_name": "Гравировки на внутреннем кольце",
    "category_id": 6,
    "category_display_name": "Jewelry",
    "category_back_name": "jewelry",
    "icon_url": "https://drwrnzzt9lr9u.cloudfront.net/icons/jewelry_inner-circle-engravings_icon.png",
    "photo_example_url": "https://drwrnzzt9lr9u.cloudfront.net/mmexport1701455950103.jpg",
    "required": "FALSE",
    "important": "FALSE"
  },
  {
    "index_id": 7,
    "index_back_name": "1st-optional-photo",
    "index_display_name": "Первая дополнительная фотография",
    "category_id": 6,
    "category_display_name": "Jewelry",
    "category_back_name": "jewelry",
    "icon_url": "https://drwrnzzt9lr9u.cloudfront.net/icons/jewelry_1st-optional-photo_icon.png",
    "photo_example_url": "",
    "required": "FALSE",
    "important": "FALSE"
  },
  {
    "index_id": 1,
    "index_back_name": "overall-picture",
    "index_display_name": "Общий вид",
    "category_id": 7,
    "category_display_name": "Hype Shoes",
    "category_back_name": "other-shoes-hype",
    "icon_url": "https://drwrnzzt9lr9u.cloudfront.net/icons/other-shoes-hype_overall-picture_icon.png",
    "photo_example_url": "https://drwrnzzt9lr9u.cloudfront.net/interface_hype-shoes-overall.png",
    "required": "TRUE",
    "important": "TRUE"
  },
  {
    "index_id": 21,
    "index_back_name": "outsole",
    "index_display_name": "Подошва",
    "category_id": 7,
    "category_display_name": "Hype Shoes",
    "category_back_name": "other-shoes-hype",
    "icon_url": "https://drwrnzzt9lr9u.cloudfront.net/icons/other-shoes-hype_outsole_icon.png",
    "photo_example_url": "https://drwrnzzt9lr9u.cloudfront.net/outsole.jpg",
    "required": "TRUE",
    "important": "TRUE"
  },
  {
    "index_id": 14,
    "index_back_name": "insole-front-side",
    "index_display_name": "Стелька (лицевая сторона)",
    "category_id": 7,
    "category_display_name": "Hype Shoes",
    "category_back_name": "other-shoes-hype",
    "icon_url": "https://drwrnzzt9lr9u.cloudfront.net/icons/other-shoes-hype_insole-front-side_icon.png",
    "photo_example_url": "https://drwrnzzt9lr9u.cloudfront.net/insole+front+side.jpg",
    "required": "TRUE",
    "important": "TRUE"
  },
  {
    "index_id": 44,
    "index_back_name": "size-model-printing",
    "index_display_name": "Размер и модель (печать)",
    "category_id": 7,
    "category_display_name": "Hype Shoes",
    "category_back_name": "other-shoes-hype",
    "icon_url": "https://drwrnzzt9lr9u.cloudfront.net/icons/other-shoes-hype_size-model-printing_icon.png",
    "photo_example_url": "https://drwrnzzt9lr9u.cloudfront.net/tongue+inside+label.jpg",
    "required": "TRUE",
    "important": "TRUE"
  },
  {
    "index_id": 34,
    "index_back_name": "box-label",
    "index_display_name": "Этикетка на коробке",
    "category_id": 7,
    "category_display_name": "Hype Shoes",
    "category_back_name": "other-shoes-hype",
    "icon_url": "https://drwrnzzt9lr9u.cloudfront.net/icons/other-shoes-hype_box-label_icon.png",
    "photo_example_url": "https://drwrnzzt9lr9u.cloudfront.net/box+label.jpg",
    "required": "FALSE",
    "important": "TRUE"
  },
  {
    "index_id": 8,
    "index_back_name": "inside-stitching",
    "index_display_name": "Внутренние швы",
    "category_id": 7,
    "category_display_name": "Hype Shoes",
    "category_back_name": "other-shoes-hype",
    "icon_url": "https://drwrnzzt9lr9u.cloudfront.net/icons/other-shoes-hype_inside-stitching_icon.png",
    "photo_example_url": "https://drwrnzzt9lr9u.cloudfront.net/inside+stitching.jpg",
    "required": "FALSE",
    "important": "FALSE"
  },
  {
    "index_id": 62,
    "index_back_name": "tongue-front-label",
    "index_display_name": "Этикетка на язычке (лицевая сторона)",
    "category_id": 7,
    "category_display_name": "Hype Shoes",
    "category_back_name": "other-shoes-hype",
    "icon_url": "https://drwrnzzt9lr9u.cloudfront.net/icons/other-shoes-hype_tongue-front-label_icon.png",
    "photo_example_url": "https://drwrnzzt9lr9u.cloudfront.net/interface_hype-shoes-tongue-front.png",
    "required": "FALSE",
    "important": "FALSE"
  },
  {
    "index_id": 9,
    "index_back_name": "insole-back-side",
    "index_display_name": "Стелька (обратная сторона)",
    "category_id": 7,
    "category_display_name": "Hype Shoes",
    "category_back_name": "other-shoes-hype",
    "icon_url": "https://drwrnzzt9lr9u.cloudfront.net/icons/other-shoes-hype_insole-back-side_icon.png",
    "photo_example_url": "https://drwrnzzt9lr9u.cloudfront.net/insole+back+side.jpg",
    "required": "FALSE",
    "important": "FALSE"
  },
  {
    "index_id": 63,
    "index_back_name": "tongue-inside-label",
    "index_display_name": "Этикетка на внутренней стороне язычка",
    "category_id": 7,
    "category_display_name": "Hype Shoes",
    "category_back_name": "other-shoes-hype",
    "icon_url": "https://drwrnzzt9lr9u.cloudfront.net/icons/other-shoes-hype_tongue-inside-label_icon.png",
    "photo_example_url": "https://drwrnzzt9lr9u.cloudfront.net/interface_hype-shoes-tongue-back.png",
    "required": "FALSE",
    "important": "FALSE"
  },
  {
    "index_id": 59,
    "index_back_name": "logo-texture-macro-image",
    "index_display_name": "Текстура логотипа (макросъёмка)",
    "category_id": 7,
    "category_display_name": "Hype Shoes",
    "category_back_name": "other-shoes-hype",
    "icon_url": "https://drwrnzzt9lr9u.cloudfront.net/icons/other-shoes-hype_logo-texture-macro-image_icon.png",
    "photo_example_url": "https://drwrnzzt9lr9u.cloudfront.net/logo+texture+close+up+macro+image.jpg",
    "required": "FALSE",
    "important": "FALSE"
  },
  {
    "index_id": 7,
    "index_back_name": "1st-optional-photo",
    "index_display_name": "Первая дополнительная фотография",
    "category_id": 7,
    "category_display_name": "Hype Shoes",
    "category_back_name": "other-shoes-hype",
    "icon_url": "https://drwrnzzt9lr9u.cloudfront.net/icons/other-shoes-hype_1st-optional-photo_icon.png",
    "photo_example_url": "",
    "required": "FALSE",
    "important": "FALSE"
  },
  {
    "index_id": 1,
    "index_back_name": "overall-picture",
    "index_display_name": "Общий вид",
    "category_id": 8,
    "category_display_name": "Luxury Shoes",
    "category_back_name": "other-shoes-luxury",
    "icon_url": "https://drwrnzzt9lr9u.cloudfront.net/icons/other-shoes-luxury_overall-picture_icon.png",
    "photo_example_url": "https://drwrnzzt9lr9u.cloudfront.net/interface_luxury-shoes-overall.png",
    "required": "TRUE",
    "important": "TRUE"
  },
  {
    "index_id": 44,
    "index_back_name": "size-model-printing",
    "index_display_name": "Размер и модель (печать)",
    "category_id": 8,
    "category_display_name": "Luxury Shoes",
    "category_back_name": "other-shoes-luxury",
    "icon_url": "https://drwrnzzt9lr9u.cloudfront.net/icons/other-shoes-luxury_size-model-printing_icon.png",
    "photo_example_url": "https://drwrnzzt9lr9u.cloudfront.net/size+and+model+printing.jpg",
    "required": "TRUE",
    "important": "TRUE"
  },
  {
    "index_id": 14,
    "index_back_name": "insole-front-side",
    "index_display_name": "Стелька (лицевая сторона)",
    "category_id": 8,
    "category_display_name": "Luxury Shoes",
    "category_back_name": "other-shoes-luxury",
    "icon_url": "https://drwrnzzt9lr9u.cloudfront.net/icons/other-shoes-luxury_insole-front-side_icon.png",
    "photo_example_url": "https://drwrnzzt9lr9u.cloudfront.net/insole+front+side.jpg",
    "required": "TRUE",
    "important": "TRUE"
  },
  {
    "index_id": 21,
    "index_back_name": "outsole",
    "index_display_name": "Подошва",
    "category_id": 8,
    "category_display_name": "Luxury Shoes",
    "category_back_name": "other-shoes-luxury",
    "icon_url": "https://drwrnzzt9lr9u.cloudfront.net/icons/other-shoes-luxury_outsole_icon.png",
    "photo_example_url": "https://drwrnzzt9lr9u.cloudfront.net/outsole.jpg",
    "required": "TRUE",
    "important": "TRUE"
  },
  {
    "index_id": 34,
    "index_back_name": "box-label",
    "index_display_name": "Этикетка на коробке",
    "category_id": 8,
    "category_display_name": "Luxury Shoes",
    "category_back_name": "other-shoes-luxury",
    "icon_url": "https://drwrnzzt9lr9u.cloudfront.net/icons/other-shoes-luxury_box-label_icon.png",
    "photo_example_url": "https://drwrnzzt9lr9u.cloudfront.net/interface_luxury-shoes-box.png",
    "required": "FALSE",
    "important": "TRUE"
  },
  {
    "index_id": 8,
    "index_back_name": "inside-stitching",
    "index_display_name": "Внутренние швы",
    "category_id": 8,
    "category_display_name": "Luxury Shoes",
    "category_back_name": "other-shoes-luxury",
    "icon_url": "https://drwrnzzt9lr9u.cloudfront.net/icons/other-shoes-luxury_inside-stitching_icon.png",
    "photo_example_url": "https://drwrnzzt9lr9u.cloudfront.net/inside+stitching.jpg",
    "required": "FALSE",
    "important": "TRUE"
  },
  {
    "index_id": 9,
    "index_back_name": "insole-back-side",
    "index_display_name": "Стелька (обратная сторона)",
    "category_id": 8,
    "category_display_name": "Luxury Shoes",
    "category_back_name": "other-shoes-luxury",
    "icon_url": "https://drwrnzzt9lr9u.cloudfront.net/icons/other-shoes-luxury_insole-back-side_icon.png",
    "photo_example_url": "https://drwrnzzt9lr9u.cloudfront.net/insole+back+side.jpg",
    "required": "FALSE",
    "important": "TRUE"
  },
  {
    "index_id": 59,
    "index_back_name": "logo-texture-macro-image",
    "index_display_name": "Текстура логотипа (макросъёмка)",
    "category_id": 8,
    "category_display_name": "Luxury Shoes",
    "category_back_name": "other-shoes-luxury",
    "icon_url": "https://drwrnzzt9lr9u.cloudfront.net/icons/other-shoes-luxury_logo-texture-macro-image_icon.png",
    "photo_example_url": "https://drwrnzzt9lr9u.cloudfront.net/logo+texture+macro+image.jpg",
    "required": "FALSE",
    "important": "FALSE"
  },
  {
    "index_id": 62,
    "index_back_name": "tongue-front-label",
    "index_display_name": "Этикетка на язычке (лицевая сторона)",
    "category_id": 8,
    "category_display_name": "Luxury Shoes",
    "category_back_name": "other-shoes-luxury",
    "icon_url": "https://drwrnzzt9lr9u.cloudfront.net/icons/other-shoes-luxury_tongue-front-label_icon.png",
    "photo_example_url": "https://drwrnzzt9lr9u.cloudfront.net/interface_luxury-shoes-tongue-front.png",
    "required": "FALSE",
    "important": "FALSE"
  },
  {
    "index_id": 58,
    "index_back_name": "zipper-head-front",
    "index_display_name": "Бегунок молнии (лицевая сторона)",
    "category_id": 8,
    "category_display_name": "Luxury Shoes",
    "category_back_name": "other-shoes-luxury",
    "icon_url": "https://drwrnzzt9lr9u.cloudfront.net/icons/other-shoes-luxury_zipper-head-front_icon.png",
    "photo_example_url": "https://drwrnzzt9lr9u.cloudfront.net/zipper+head+front.jpg",
    "required": "FALSE",
    "important": "FALSE"
  },
  {
    "index_id": 31,
    "index_back_name": "zipper-head-back",
    "index_display_name": "Бегунок молнии (обратная сторона)",
    "category_id": 8,
    "category_display_name": "Luxury Shoes",
    "category_back_name": "other-shoes-luxury",
    "icon_url": "https://drwrnzzt9lr9u.cloudfront.net/icons/other-shoes-luxury_zipper-head-back_icon.png",
    "photo_example_url": "https://drwrnzzt9lr9u.cloudfront.net/zipper+head+back.jpg",
    "required": "FALSE",
    "important": "FALSE"
  },
  {
    "index_id": 63,
    "index_back_name": "tongue-inside-label",
    "index_display_name": "Этикетка на внутренней стороне язычка",
    "category_id": 8,
    "category_display_name": "Luxury Shoes",
    "category_back_name": "other-shoes-luxury",
    "icon_url": "https://drwrnzzt9lr9u.cloudfront.net/icons/other-shoes-luxury_tongue-inside-label_icon.png",
    "photo_example_url": "https://drwrnzzt9lr9u.cloudfront.net/interface_luxury-shoes-tongue-back.png",
    "required": "FALSE",
    "important": "FALSE"
  },
  {
    "index_id": 7,
    "index_back_name": "1st-optional-photo",
    "index_display_name": "Первая дополнительная фотография",
    "category_id": 8,
    "category_display_name": "Luxury Shoes",
    "category_back_name": "other-shoes-luxury",
    "icon_url": "https://drwrnzzt9lr9u.cloudfront.net/icons/other-shoes-luxury_1st-optional-photo_icon.png",
    "photo_example_url": "",
    "required": "FALSE",
    "important": "FALSE"
  },
  {
    "index_id": 1,
    "index_back_name": "overall-picture",
    "index_display_name": "Общий вид",
    "category_id": 9,
    "category_display_name": "Hype Sneakers",
    "category_back_name": "sneakers-hype",
    "icon_url": "https://drwrnzzt9lr9u.cloudfront.net/icons/sneakers-hype_overall-picture_icon.png",
    "photo_example_url": "https://drwrnzzt9lr9u.cloudfront.net/interface_hype-sneakers-overall.png",
    "required": "TRUE",
    "important": "TRUE"
  },
  {
    "index_id": 9,
    "index_back_name": "insole-back-side",
    "index_display_name": "Стелька (обратная сторона)",
    "category_id": 9,
    "category_display_name": "Hype Sneakers",
    "category_back_name": "sneakers-hype",
    "icon_url": "https://drwrnzzt9lr9u.cloudfront.net/icons/sneakers-hype_insole-back-side_icon.png",
    "photo_example_url": "https://drwrnzzt9lr9u.cloudfront.net/insole+back+side.jpg",
    "required": "TRUE",
    "important": "TRUE"
  },
  {
    "index_id": 14,
    "index_back_name": "insole-front-side",
    "index_display_name": "Стелька (лицевая сторона)",
    "category_id": 9,
    "category_display_name": "Hype Sneakers",
    "category_back_name": "sneakers-hype",
    "icon_url": "https://drwrnzzt9lr9u.cloudfront.net/icons/sneakers-hype_insole-front-side_icon.png",
    "photo_example_url": "https://drwrnzzt9lr9u.cloudfront.net/insole+front+side.jpg",
    "required": "TRUE",
    "important": "TRUE"
  },
  {
    "index_id": 57,
    "index_back_name": "size-tag",
    "index_display_name": "Размерная бирка",
    "category_id": 9,
    "category_display_name": "Hype Sneakers",
    "category_back_name": "sneakers-hype",
    "icon_url": "https://drwrnzzt9lr9u.cloudfront.net/icons/sneakers-hype_size-tag_icon.png",
    "photo_example_url": "https://drwrnzzt9lr9u.cloudfront.net/size+tag.jpg",
    "required": "TRUE",
    "important": "TRUE"
  },
  {
    "index_id": 8,
    "index_back_name": "inside-stitching",
    "index_display_name": "Внутренние швы",
    "category_id": 9,
    "category_display_name": "Hype Sneakers",
    "category_back_name": "sneakers-hype",
    "icon_url": "https://drwrnzzt9lr9u.cloudfront.net/icons/sneakers-hype_inside-stitching_icon.png",
    "photo_example_url": "https://drwrnzzt9lr9u.cloudfront.net/inside+stitching.jpg",
    "required": "TRUE",
    "important": "TRUE"
  },
  {
    "index_id": 59,
    "index_back_name": "logo-texture-macro-image",
    "index_display_name": "Текстура логотипа (макросъёмка)",
    "category_id": 9,
    "category_display_name": "Hype Sneakers",
    "category_back_name": "sneakers-hype",
    "icon_url": "https://drwrnzzt9lr9u.cloudfront.net/icons/sneakers-hype_logo-texture-macro-image_icon.png",
    "photo_example_url": "https://drwrnzzt9lr9u.cloudfront.net/logo+texture+close+up+macro+image.jpg",
    "required": "FALSE",
    "important": "TRUE"
  },
  {
    "index_id": 34,
    "index_back_name": "box-label",
    "index_display_name": "Этикетка на коробке",
    "category_id": 9,
    "category_display_name": "Hype Sneakers",
    "category_back_name": "sneakers-hype",
    "icon_url": "https://drwrnzzt9lr9u.cloudfront.net/icons/sneakers-hype_box-label_icon.png",
    "photo_example_url": "https://drwrnzzt9lr9u.cloudfront.net/box+label.jpg",
    "required": "FALSE",
    "important": "TRUE"
  },
  {
    "index_id": 63,
    "index_back_name": "tongue-inside-label",
    "index_display_name": "Этикетка на внутренней стороне язычка",
    "category_id": 9,
    "category_display_name": "Hype Sneakers",
    "category_back_name": "sneakers-hype",
    "icon_url": "https://drwrnzzt9lr9u.cloudfront.net/icons/sneakers-hype_tongue-inside-label_icon.png",
    "photo_example_url": "https://drwrnzzt9lr9u.cloudfront.net/interface_hype-sneakers-tongue-back.png",
    "required": "FALSE",
    "important": "FALSE"
  },
  {
    "index_id": 2,
    "index_back_name": "box-data-code",
    "index_display_name": "Код на коробке",
    "category_id": 9,
    "category_display_name": "Hype Sneakers",
    "category_back_name": "sneakers-hype",
    "icon_url": "https://drwrnzzt9lr9u.cloudfront.net/icons/sneakers-hype_box-data-code_icon.png",
    "photo_example_url": "https://drwrnzzt9lr9u.cloudfront.net/box+data+code.jpg",
    "required": "FALSE",
    "important": "FALSE"
  },
  {
    "index_id": 62,
    "index_back_name": "tongue-front-label",
    "index_display_name": "Этикетка на язычке (лицевая сторона)",
    "category_id": 9,
    "category_display_name": "Hype Sneakers",
    "category_back_name": "sneakers-hype",
    "icon_url": "https://drwrnzzt9lr9u.cloudfront.net/icons/sneakers-hype_tongue-front-label_icon.png",
    "photo_example_url": "https://drwrnzzt9lr9u.cloudfront.net/interface_hype-sneakers-tongue-front.png",
    "required": "FALSE",
    "important": "FALSE"
  },
  {
    "index_id": 7,
    "index_back_name": "1st-optional-photo",
    "index_display_name": "Первая дополнительная фотография",
    "category_id": 9,
    "category_display_name": "Hype Sneakers",
    "category_back_name": "sneakers-hype",
    "icon_url": "https://drwrnzzt9lr9u.cloudfront.net/icons/sneakers-hype_1st-optional-photo_icon.png",
    "photo_example_url": "",
    "required": "FALSE",
    "important": "FALSE"
  },
  {
    "index_id": 1,
    "index_back_name": "overall-picture",
    "index_display_name": "Общий вид",
    "category_id": 10,
    "category_display_name": "Luxury Sneakers",
    "category_back_name": "sneakers-luxury",
    "icon_url": "https://drwrnzzt9lr9u.cloudfront.net/icons/sneakers-luxury_overall-picture_icon.png",
    "photo_example_url": "https://drwrnzzt9lr9u.cloudfront.net/interface_luxury-sneakers-overall.png",
    "required": "TRUE",
    "important": "TRUE"
  },
  {
    "index_id": 57,
    "index_back_name": "size-tag",
    "index_display_name": "Размерная бирка",
    "category_id": 10,
    "category_display_name": "Luxury Sneakers",
    "category_back_name": "sneakers-luxury",
    "icon_url": "https://drwrnzzt9lr9u.cloudfront.net/icons/sneakers-luxury_size-tag_icon.png",
    "photo_example_url": "https://drwrnzzt9lr9u.cloudfront.net/interface_luxury-sneakers-size-tag.png",
    "required": "TRUE",
    "important": "TRUE"
  },
  {
    "index_id": 8,
    "index_back_name": "inside-stitching",
    "index_display_name": "Внутренние швы",
    "category_id": 10,
    "category_display_name": "Luxury Sneakers",
    "category_back_name": "sneakers-luxury",
    "icon_url": "https://drwrnzzt9lr9u.cloudfront.net/icons/sneakers-luxury_inside-stitching_icon.png",
    "photo_example_url": "https://drwrnzzt9lr9u.cloudfront.net/inside+stitching.jpg",
    "required": "TRUE",
    "important": "TRUE"
  },
  {
    "index_id": 9,
    "index_back_name": "insole-back-side",
    "index_display_name": "Стелька (обратная сторона)",
    "category_id": 10,
    "category_display_name": "Luxury Sneakers",
    "category_back_name": "sneakers-luxury",
    "icon_url": "https://drwrnzzt9lr9u.cloudfront.net/icons/sneakers-luxury_insole-back-side_icon.png",
    "photo_example_url": "https://drwrnzzt9lr9u.cloudfront.net/insole+back+side.jpg",
    "required": "TRUE",
    "important": "TRUE"
  },
  {
    "index_id": 14,
    "index_back_name": "insole-front-side",
    "index_display_name": "Стелька (лицевая сторона)",
    "category_id": 10,
    "category_display_name": "Luxury Sneakers",
    "category_back_name": "sneakers-luxury",
    "icon_url": "https://drwrnzzt9lr9u.cloudfront.net/icons/sneakers-luxury_insole-front-side_icon.png",
    "photo_example_url": "https://drwrnzzt9lr9u.cloudfront.net/insole+front+side.jpg",
    "required": "TRUE",
    "important": "TRUE"
  },
  {
    "index_id": 21,
    "index_back_name": "outsole",
    "index_display_name": "Подошва",
    "category_id": 10,
    "category_display_name": "Luxury Sneakers",
    "category_back_name": "sneakers-luxury",
    "icon_url": "https://drwrnzzt9lr9u.cloudfront.net/icons/sneakers-luxury_outsole_icon.png",
    "photo_example_url": "https://drwrnzzt9lr9u.cloudfront.net/outsole.jpg",
    "required": "TRUE",
    "important": "TRUE"
  },
  {
    "index_id": 34,
    "index_back_name": "box-label",
    "index_display_name": "Этикетка на коробке",
    "category_id": 10,
    "category_display_name": "Luxury Sneakers",
    "category_back_name": "sneakers-luxury",
    "icon_url": "https://drwrnzzt9lr9u.cloudfront.net/icons/sneakers-luxury_box-label_icon.png",
    "photo_example_url": "https://drwrnzzt9lr9u.cloudfront.net/interface_luxury-sneakers-box.png",
    "required": "FALSE",
    "important": "TRUE"
  },
  {
    "index_id": 31,
    "index_back_name": "zipper-head-back",
    "index_display_name": "Бегунок молнии (обратная сторона)",
    "category_id": 10,
    "category_display_name": "Luxury Sneakers",
    "category_back_name": "sneakers-luxury",
    "icon_url": "https://drwrnzzt9lr9u.cloudfront.net/icons/sneakers-luxury_zipper-head-back_icon.png",
    "photo_example_url": "https://drwrnzzt9lr9u.cloudfront.net/zipper+head+back.jpg",
    "required": "FALSE",
    "important": "FALSE"
  },
  {
    "index_id": 63,
    "index_back_name": "tongue-inside-label",
    "index_display_name": "Этикетка на внутренней стороне язычка",
    "category_id": 10,
    "category_display_name": "Luxury Sneakers",
    "category_back_name": "sneakers-luxury",
    "icon_url": "https://drwrnzzt9lr9u.cloudfront.net/icons/sneakers-luxury_tongue-inside-label_icon.png",
    "photo_example_url": "https://drwrnzzt9lr9u.cloudfront.net/tongue+inside+label.jpg",
    "required": "FALSE",
    "important": "FALSE"
  },
  {
    "index_id": 62,
    "index_back_name": "tongue-front-label",
    "index_display_name": "Этикетка на язычке (лицевая сторона)",
    "category_id": 10,
    "category_display_name": "Luxury Sneakers",
    "category_back_name": "sneakers-luxury",
    "icon_url": "https://drwrnzzt9lr9u.cloudfront.net/icons/sneakers-luxury_tongue-front-label_icon.png",
    "photo_example_url": "https://drwrnzzt9lr9u.cloudfront.net/Tongue+front+label.jpg",
    "required": "FALSE",
    "important": "FALSE"
  },
  {
    "index_id": 2,
    "index_back_name": "box-data-code",
    "index_display_name": "Код на коробке",
    "category_id": 10,
    "category_display_name": "Luxury Sneakers",
    "category_back_name": "sneakers-luxury",
    "icon_url": "https://drwrnzzt9lr9u.cloudfront.net/icons/sneakers-luxury_box-data-code_icon.png",
    "photo_example_url": "https://drwrnzzt9lr9u.cloudfront.net/box+code.jpg",
    "required": "FALSE",
    "important": "FALSE"
  },
  {
    "index_id": 59,
    "index_back_name": "logo-texture-macro-image",
    "index_display_name": "Текстура логотипа (макросъёмка)",
    "category_id": 10,
    "category_display_name": "Luxury Sneakers",
    "category_back_name": "sneakers-luxury",
    "icon_url": "https://drwrnzzt9lr9u.cloudfront.net/icons/sneakers-luxury_logo-texture-macro-image_icon.png",
    "photo_example_url": "https://drwrnzzt9lr9u.cloudfront.net/logo+texture+close+up+macro+image.jpg",
    "required": "FALSE",
    "important": "FALSE"
  },
  {
    "index_id": 58,
    "index_back_name": "zipper-head-front",
    "index_display_name": "Бегунок молнии (лицевая сторона)",
    "category_id": 10,
    "category_display_name": "Luxury Sneakers",
    "category_back_name": "sneakers-luxury",
    "icon_url": "https://drwrnzzt9lr9u.cloudfront.net/icons/sneakers-luxury_zipper-head-front_icon.png",
    "photo_example_url": "https://drwrnzzt9lr9u.cloudfront.net/zipper+head+front.jpg",
    "required": "FALSE",
    "important": "FALSE"
  },
  {
    "index_id": 7,
    "index_back_name": "1st-optional-photo",
    "index_display_name": "Первая дополнительная фотография",
    "category_id": 10,
    "category_display_name": "Luxury Sneakers",
    "category_back_name": "sneakers-luxury",
    "icon_url": "https://drwrnzzt9lr9u.cloudfront.net/icons/sneakers-luxury_1st-optional-photo_icon.png",
    "photo_example_url": "",
    "required": "FALSE",
    "important": "FALSE"
  },
  {
    "index_id": 1,
    "index_back_name": "overall-picture",
    "index_display_name": "Общий вид",
    "category_id": 11,
    "category_display_name": "Wallets",
    "category_back_name": "wallet",
    "icon_url": "https://drwrnzzt9lr9u.cloudfront.net/icons/wallet_overall-picture_icon.png",
    "photo_example_url": "https://drwrnzzt9lr9u.cloudfront.net/overall+picture.jpg",
    "required": "TRUE",
    "important": "TRUE"
  },
  {
    "index_id": 42,
    "index_back_name": "inside-label",
    "index_display_name": "Внутренняя этикетка",
    "category_id": 11,
    "category_display_name": "Wallets",
    "category_back_name": "wallet",
    "icon_url": "https://drwrnzzt9lr9u.cloudfront.net/icons/wallet_inside-label_icon.png",
    "photo_example_url": "https://drwrnzzt9lr9u.cloudfront.net/inside+label.jpg",
    "required": "TRUE",
    "important": "TRUE"
  },
  {
    "index_id": 39,
    "index_back_name": "brand-logo",
    "index_display_name": "Логотип бренда",
    "category_id": 11,
    "category_display_name": "Wallets",
    "category_back_name": "wallet",
    "icon_url": "https://drwrnzzt9lr9u.cloudfront.net/icons/wallet_brand-logo_icon.png",
    "photo_example_url": "https://drwrnzzt9lr9u.cloudfront.net/brand+logo.jpg",
    "required": "TRUE",
    "important": "TRUE"
  },
  {
    "index_id": 5,
    "index_back_name": "serial-number",
    "index_display_name": "Серийный номер",
    "category_id": 11,
    "category_display_name": "Wallets",
    "category_back_name": "wallet",
    "icon_url": "https://drwrnzzt9lr9u.cloudfront.net/icons/wallet_serial-number_icon.png",
    "photo_example_url": "https://drwrnzzt9lr9u.cloudfront.net/serial+number.jpg",
    "required": "FALSE",
    "important": "TRUE"
  },
  {
    "index_id": 13,
    "index_back_name": "made-in-label",
    "index_display_name": "Этикетка \"Сделано в...",
    "category_id": 11,
    "category_display_name": "Wallets",
    "category_back_name": "wallet",
    "icon_url": "https://drwrnzzt9lr9u.cloudfront.net/icons/wallet_made-in-label_icon.png",
    "photo_example_url": "https://drwrnzzt9lr9u.cloudfront.net/made+in+label.jpg",
    "required": "FALSE",
    "important": "TRUE"
  },
  {
    "index_id": 20,
    "index_back_name": "dust-bag",
    "index_display_name": "Пылезащитный мешок",
    "category_id": 11,
    "category_display_name": "Wallets",
    "category_back_name": "wallet",
    "icon_url": "https://drwrnzzt9lr9u.cloudfront.net/icons/wallet_dust-bag_icon.png",
    "photo_example_url": "https://drwrnzzt9lr9u.cloudfront.net/dust+bag.jpg",
    "required": "FALSE",
    "important": "FALSE"
  },
  {
    "index_id": 59,
    "index_back_name": "logo-texture-macro-image",
    "index_display_name": "Текстура логотипа (макросъёмка)",
    "category_id": 11,
    "category_display_name": "Wallets",
    "category_back_name": "wallet",
    "icon_url": "https://drwrnzzt9lr9u.cloudfront.net/icons/wallet_logo-texture-macro-image_icon.png",
    "photo_example_url": "https://drwrnzzt9lr9u.cloudfront.net/Logo+texture.jpg",
    "required": "FALSE",
    "important": "FALSE"
  },
  {
    "index_id": 58,
    "index_back_name": "zipper-head-front",
    "index_display_name": "Бегунок молнии (лицевая сторона)",
    "category_id": 11,
    "category_display_name": "Wallets",
    "category_back_name": "wallet",
    "icon_url": "https://drwrnzzt9lr9u.cloudfront.net/icons/wallet_zipper-head-front_icon.png",
    "photo_example_url": "https://drwrnzzt9lr9u.cloudfront.net/zipper+head+front.jpg",
    "required": "FALSE",
    "important": "FALSE"
  },
  {
    "index_id": 31,
    "index_back_name": "zipper-head-back",
    "index_display_name": "Бегунок молнии (обратная сторона)",
    "category_id": 11,
    "category_display_name": "Wallets",
    "category_back_name": "wallet",
    "icon_url": "https://drwrnzzt9lr9u.cloudfront.net/icons/wallet_zipper-head-back_icon.png",
    "photo_example_url": "https://drwrnzzt9lr9u.cloudfront.net/zipper+head+back.jpg",
    "required": "FALSE",
    "important": "FALSE"
  },
  {
    "index_id": 37,
    "index_back_name": "authenticity-card",
    "index_display_name": "Карта подлинности",
    "category_id": 11,
    "category_display_name": "Wallets",
    "category_back_name": "wallet",
    "icon_url": "https://drwrnzzt9lr9u.cloudfront.net/icons/wallet_authenticity-card_icon.png",
    "photo_example_url": "https://lg-photos-storage.s3.eu-west-2.amazonaws.com/image_card+(1).jpg",
    "required": "FALSE",
    "important": "FALSE"
  },
  {
    "index_id": 40,
    "index_back_name": "button",
    "index_display_name": "Кнопка",
    "category_id": 11,
    "category_display_name": "Wallets",
    "category_back_name": "wallet",
    "icon_url": "https://drwrnzzt9lr9u.cloudfront.net/icons/wallet_button_icon.png",
    "photo_example_url": "https://drwrnzzt9lr9u.cloudfront.net/button.jpg",
    "required": "FALSE",
    "important": "FALSE"
  },
  {
    "index_id": 7,
    "index_back_name": "1st-optional-photo",
    "index_display_name": "Первая дополнительная фотография",
    "category_id": 11,
    "category_display_name": "Wallets",
    "category_back_name": "wallet",
    "icon_url": "https://drwrnzzt9lr9u.cloudfront.net/icons/wallet_1st-optional-photo_icon.png",
    "photo_example_url": "",
    "required": "FALSE",
    "important": "FALSE"
  },
  {
    "index_id": 1,
    "index_back_name": "overall-picture",
    "index_display_name": "Общий вид",
    "category_id": 12,
    "category_display_name": "Watches",
    "category_back_name": "watch",
    "icon_url": "https://drwrnzzt9lr9u.cloudfront.net/icons/watch_overall-picture_icon.png",
    "photo_example_url": "https://drwrnzzt9lr9u.cloudfront.net/Screenshot_20240222_155153.jpg",
    "required": "TRUE",
    "important": "TRUE"
  },
  {
    "index_id": 69,
    "index_back_name": "strap-engraving",
    "index_display_name": "Гравировка на ремешке",
    "category_id": 12,
    "category_display_name": "Watches",
    "category_back_name": "watch",
    "icon_url": "https://drwrnzzt9lr9u.cloudfront.net/icons/watch_strap-engraving_icon.png",
    "photo_example_url": "https://drwrnzzt9lr9u.cloudfront.net/strap+engraving.png",
    "required": "TRUE",
    "important": "TRUE"
  },
  {
    "index_id": 70,
    "index_back_name": "date-window",
    "index_display_name": "Окошко даты",
    "category_id": 12,
    "category_display_name": "Watches",
    "category_back_name": "watch",
    "icon_url": "https://drwrnzzt9lr9u.cloudfront.net/icons/watch_date-window_icon.png",
    "photo_example_url": "https://drwrnzzt9lr9u.cloudfront.net/date+window+1.jpg",
    "required": "TRUE",
    "important": "TRUE"
  },
  {
    "index_id": 46,
    "index_back_name": "crown",
    "index_display_name": "Заводная головка",
    "category_id": 12,
    "category_display_name": "Watches",
    "category_back_name": "watch",
    "icon_url": "https://drwrnzzt9lr9u.cloudfront.net/icons/watch_crown_icon.png",
    "photo_example_url": "https://drwrnzzt9lr9u.cloudfront.net/crown1.jpg",
    "required": "TRUE",
    "important": "TRUE"
  },
  {
    "index_id": 68,
    "index_back_name": "hands",
    "index_display_name": "Стрелки",
    "category_id": 12,
    "category_display_name": "Watches",
    "category_back_name": "watch",
    "icon_url": "https://drwrnzzt9lr9u.cloudfront.net/icons/watch_hands_icon.png",
    "photo_example_url": "https://drwrnzzt9lr9u.cloudfront.net/hands.jpg",
    "required": "TRUE",
    "important": "TRUE"
  },
  {
    "index_id": 67,
    "index_back_name": "dial",
    "index_display_name": "Циферблат",
    "category_id": 12,
    "category_display_name": "Watches",
    "category_back_name": "watch",
    "icon_url": "https://drwrnzzt9lr9u.cloudfront.net/icons/watch_dial_icon.png",
    "photo_example_url": "https://drwrnzzt9lr9u.cloudfront.net/dial.jpg",
    "required": "TRUE",
    "important": "TRUE"
  },
  {
    "index_id": 12,
    "index_back_name": "face",
    "index_display_name": "Лицевая сторона",
    "category_id": 12,
    "category_display_name": "Watches",
    "category_back_name": "watch",
    "icon_url": "https://drwrnzzt9lr9u.cloudfront.net/icons/watch_face_icon.png",
    "photo_example_url": "https://drwrnzzt9lr9u.cloudfront.net/face.jpg",
    "required": "TRUE",
    "important": "TRUE"
  },
  {
    "index_id": 38,
    "index_back_name": "back-panel",
    "index_display_name": "Задняя панель",
    "category_id": 12,
    "category_display_name": "Watches",
    "category_back_name": "watch",
    "icon_url": "https://drwrnzzt9lr9u.cloudfront.net/icons/watch_back-panel_icon.png",
    "photo_example_url": "https://drwrnzzt9lr9u.cloudfront.net/back+panel.jpg",
    "required": "TRUE",
    "important": "TRUE"
  },
  {
    "index_id": 73,
    "index_back_name": "metal-mark",
    "index_display_name": "Клеймо на металле",
    "category_id": 12,
    "category_display_name": "Watches",
    "category_back_name": "watch",
    "icon_url": "https://drwrnzzt9lr9u.cloudfront.net/icons/jewelry_precious-metal-mark.png",
    "photo_example_url": "https://drwrnzzt9lr9u.cloudfront.net/metal+mark.jpg",
    "required": "FALSE",
    "important": "FALSE"
  },
  {
    "index_id": 5,
    "index_back_name": "serial-number",
    "index_display_name": "Серийный номер",
    "category_id": 12,
    "category_display_name": "Watches",
    "category_back_name": "watch",
    "icon_url": "https://drwrnzzt9lr9u.cloudfront.net/icons/watch_serial-number_icon.png",
    "photo_example_url": "https://lg-photos-storage.s3.eu-west-2.amazonaws.com/img_1234567890.jpg",
    "required": "FALSE",
    "important": "FALSE"
  },
  {
    "index_id": 72,
    "index_back_name": "accessories",
    "index_display_name": "Аксессуары",
    "category_id": 12,
    "category_display_name": "Watches",
    "category_back_name": "watch",
    "icon_url": "https://drwrnzzt9lr9u.cloudfront.net/icons/watch_accessories_icon.png",
    "photo_example_url": "https://drwrnzzt9lr9u.cloudfront.net/accessories.jpg",
    "required": "FALSE",
    "important": "FALSE"
  },
  {
    "index_id": 71,
    "index_back_name": "dial-center-axis",
    "index_display_name": "Центральная ось циферблата",
    "category_id": 12,
    "category_display_name": "Watches",
    "category_back_name": "watch",
    "icon_url": "https://drwrnzzt9lr9u.cloudfront.net/icons/watch_dial-center-axis_icon.png",
    "photo_example_url": "https://drwrnzzt9lr9u.cloudfront.net/dial+center+axis.jpg",
    "required": "FALSE",
    "important": "FALSE"
  },
  {
    "index_id": 41,
    "index_back_name": "clasp-marking",
    "index_display_name": "Маркировка застёжки",
    "category_id": 12,
    "category_display_name": "Watches",
    "category_back_name": "watch",
    "icon_url": "https://drwrnzzt9lr9u.cloudfront.net/icons/watch_clasp-marking_icon.png",
    "photo_example_url": "https://drwrnzzt9lr9u.cloudfront.net/clasp+marking.jpg",
    "required": "FALSE",
    "important": "FALSE"
  },
  {
    "index_id": 7,
    "index_back_name": "1st-optional-photo",
    "index_display_name": "Дополнительная фотография",
    "category_id": 12,
    "category_display_name": "Watches",
    "category_back_name": "watch",
    "icon_url": "https://drwrnzzt9lr9u.cloudfront.net/icons/watch_1st-optional-photo_icon.png",
    "photo_example_url": "",
    "required": "FALSE",
    "important": "FALSE"
  }
]